{"0": [[766038913135833088, 0.73727848836108412], [758648794867200000, 0.87288135593220328], [760446204517965824, 0.97572815533980561], [761164531980722177, 0.6309794545595937], [763699471259693056, 0.64784777344714206], [763703723554136064, 0.97104247104247066], [755358709010882560, 0.87288135593220328], [768414400034275328, 0.82965365631880306], [768415231336910849, 0.96411483253588492], [768769058636529664, 0.93119266055045868], [769889784143708160, 0.95283018867924529], [768766281420050432, 0.97104247104247077], [770379188142477312, 0.87288135593220162], [765884950973452292, 0.93119266055045891], [770226586633302016, 0.58851426248228711], [758629860063469568, 0.7278894384134682], [770261004185841665, 0.87288135593220328], [767369482893393920, 0.96411483253588492], [767477617415118853, 0.9757281553398055], [772215284786757632, 0.63831637434160182]], "1": [[769225661412216832, 0.59690177480435247], [769696011992399876, 0.59689542941565898], [763588016627736576, 0.56169997563637819], [751756492920029184, 0.97104247104246944], [763352895651741696, 0.93119266055045813], [763708075681472513, 0.95283018867924485], [768041793409744896, 0.97104247104247077], [759930850297470976, 0.93119266055045913], [767190764476661760, 0.87288135593220328], [705964175105904640, 0.9641148325358847], [705966485559242752, 0.95283018867924518], [758778402757283841, 0.96411483253588492], [759071735643799553, 0.97572815533980561], [762322425413369856, 0.96411483253588492], [764119484277858305, 0.93119266055045913], [768243146417442816, 0.87288135593220328], [772175256584851456, 0.97104247104247077], [772203988498481152, 0.93119266055044891], [768040362388709376, 0.87288135593220328]], "2": [[757670774203310080, 0.9876847290640387], [757670773108666368, 0.9876847290640387], [763815021411524609, 0.98526522593320198], [763815022208442368, 0.98526522593320198], [772506025664602112, 0.98768472906403904], [772506026671239168, 0.98768472906403904], [750157269443239938, 0.98526522593320209], [750157270416289792, 0.98526522593320176], [768410965314506752, 0.93119266055045691], [763347624896434176, 0.95283018867924407], [762400876787040256, 0.93119266055045813], [764869458666123264, 0.98526522593320209], [764869459488149505, 0.98526522593320209], [755453425358368768, 0.98526522593320198], [755453424439857152, 0.98526522593320165], [765311118642479104, 0.65410167874538283], [765311119883927553, 0.65410523347413563], [705123276880809985, 0.98768472906403926], [705123277887381504, 0.98768472906403926], [760529359967031296, 0.98768472906403904], [760529360822669312, 0.98768472906403904], [755825756383563777, 0.98166259168704151], [758022119645061120, 0.97104247104247099], [760508377285824512, 0.61003142074503369], [763061674983043072, 0.7012650227124807], [768527509809864704, 0.7371373794777748], [768539007848292352, 0.61385769420260972], [770626960133201920, 0.98166259168704173], [772103380374126592, 0.73477305037642549], [756593432546709505, 0.98526522593320209], [756593433368731648, 0.98526522593320209], [764144683710836737, 0.98658318425760272], [764144684524572672, 0.98658318425760272], [773133217062879232, 0.69965358433116542], [759827242868477953, 0.98658318425760272], [759827240892981249, 0.9865831842576025], [768243164285140992, 0.93119266055045691], [761611739955953664, 0.98366013071895386], [761611740740222976, 0.98366013071895386], [753396330899406848, 0.93119266055045891], [754032698340020227, 0.87288135593220328]], "3": [[769971578633420800, 0.98166259168704129], [769971577723219968, 0.98166259168704129], [769974346005766146, 0.8306271218660497], [769974346936967168, 0.83063388543513539], [762974283370995712, 0.98166259168704151], [767371914679554048, 0.97910863509749135], [770589191688314881, 0.97572815533980473], [768043969309728768, 0.83939332291591418], [766035894499508224, 0.98166259168704129], [766035895430549504, 0.98166259168704129], [763091267291115522, 0.98526522593320209], [763091268192858117, 0.98526522593320209], [759772535068225536, 0.96411483253588381], [705514372429430784, 0.69509660600209944], [705514371439529984, 0.69507537815010845], [756569772876296192, 0.9865831842576025], [756569772075147264, 0.98658318425760272], [761270492842123264, 0.98768472906403926], [761270492057702400, 0.98768472906403926], [772151201563549696, 0.98768472906403926], [772151200745721856, 0.98768472906403926], [773244399358709760, 0.98768472906403892], [773244400302452739, 0.98768472906403892], [762725074147217408, 0.97572815533980572], [763049713369165824, 0.98526522593320254], [767798502030123009, 0.98526522593320254], [770335218431512576, 0.97572815533980572], [770984498297057280, 0.98526522593320254], [766039669683396608, 0.98768472906403904], [766039670597754886, 0.98768472906403904], [764958547218145280, 0.54851689231936063], [764958546001850368, 0.54850324301979581], [761260679315718145, 0.98658318425760239], [761260680125308928, 0.98658318425760239], [771420128110059520, 0.98366013071895364], [771420131432030213, 0.98366013071895364], [756568521757302784, 0.98526522593320232], [756568522721984512, 0.98526522593320176], [771406029657604096, 0.98526522593320209], [771406030517526528, 0.98526522593320232], [767718435987918848, 0.93119266055045868], [750162304495484928, 0.9852652259332022], [750162305552384000, 0.9852652259332022], [750162306399608834, 0.9852652259332022], [750163560517476352, 0.60178052110898572], [750163561708711936, 0.60178015716036171], [750164815826587653, 0.60070213809803696], [750164816745103363, 0.60081746601319297], [766345433442611200, 0.98366013071895397], [766345434336026627, 0.98366013071895397], [766346688936210432, 0.98366013071895397], [766346689871577088, 0.98366013071895397], [771130474613841920, 0.98526522593320209], [771130475393978368, 0.98526522593320209], [756572034650472448, 0.98366013071895364], [756572035984261121, 0.98366013071895364], [768243125911490560, 0.87288135593220328], [772245050575249409, 0.93119266055045635], [756920844362801152, 0.93119266055045624], [762439452685774849, 0.98861911987860374], [762439453952446465, 0.98861911987860329]], "4": [[756114012438425601, 0.75371755468238411], [769043710940213250, 0.65107436932341478], [770725794998018048, 0.98366013071895364], [758009258059370496, 0.98526522593320176], [758009259170955268, 0.98526522593319965], [758030894158450688, 0.65374259424338144], [758042217009340416, 0.85954849863080462], [766038159079698432, 0.98366013071895397], [766038159952056322, 0.98366013071895397], [767694896039915520, 0.97910863509749257], [758130551949824000, 0.74270419137041332], [759798548632338432, 0.98366013071895386], [759798549525692416, 0.98366013071895386], [759799805099012096, 0.98366013071895386], [759799804268609536, 0.98366013071895075], [759806598055362560, 0.98166259168704106], [772584042852184064, 0.98768472906403904], [772584043607101444, 0.98768472906403904], [772584044479582209, 0.98768472906403904], [772586302986420224, 0.98768472906403904], [772586303800172545, 0.98768472906403904], [772586304634810368, 0.98768472906403915], [770028706832248832, 0.74124575988951436], [770033235204136960, 0.98366013071895264], [772919754000572417, 0.98366013071895342], [773219586795671552, 0.97572815533980517], [762742955161554944, 0.98366013071895264], [762742956189184000, 0.98366013071895397], [762742957132902400, 0.98366013071895397], [768423115911262210, 0.98166259168704106], [769338150124675072, 0.98526522593320143], [769359796977950720, 0.98526522593320198], [771076098125881344, 0.63678011860055705], [771076099400925184, 0.98166259168704106], [771076376552206338, 0.98366013071895397], [771076377621782528, 0.98366013071895397], [765302062460657665, 0.98366013071895364], [765302063936991237, 0.98366013071895386], [769150915135807488, 0.59450387806596217], [760232684027346945, 0.97104247104247099], [760233262639943680, 0.97910863509748924]],