{"0": [[757343370192777217, 0.97910863509749291], [757343370977144833, 0.97910863509749269], [760561080913498112, 0.55347988997957587], [760561081836249088, 0.55347848274090417], [754742489341452288, 0.98768472906403848], [754742488347320321, 0.98768472906403892], [763884880023449600, 0.95283018867924352], [750215401506762752, 0.98526522593320176], [750215402291068928, 0.98526522593320165], [752587023131746304, 0.98166259168704062], [752587024666877952, 0.9816625916870404], [759097676008984576, 0.98166259168704062], [759097677053321216, 0.98166259168704062], [765250734396993536, 0.98526522593320198], [765250735227432960, 0.98526522593320198], [766031869041381376, 0.98526522593320198], [766031869926371328, 0.98526522593320198], [761008374448357376, 0.63805848554582878], [757333270388506624, 0.93119266055045691], [758004218829701120, 0.98526522593320198], [758004219848847360, 0.98526522593320198], [762366719897862144, 0.98526522593320132], [762366720803794944, 0.98526522593320165], [757020118278889472, 0.7777143337524316], [752957224922775552, 0.98526522593320209], [752957225854001152, 0.98526522593320209], [764457993178062848, 0.65672734060681803], [754482268173901824, 0.98166259168704129], [754482269222494208, 0.98166259168704129], [756253937351663616, 0.98366013071895397], [756253938190516224, 0.98366013071895397], [765672260082499584, 0.98366013071895397], [765672260921356288, 0.98366013071895397], [766043444972314624, 0.98366013071895397], [766043445798572032, 0.98366013071895397], [755234081265319937, 0.87288135593220328], [752964768831602689, 0.98526522593320176], [752964770266017792, 0.98526522593320176], [752967284222754816, 0.98526522593320176], [752967285413937152, 0.98526522593320176], [770325408873054208, 0.60343504818509186], [770325409749733377, 0.60347791210367574], [771401003455447040, 0.98166259168704106], [771401004231327744, 0.98166259168704084], [705123285432930304, 0.617870979952716], [705123286628306945, 0.61790959616491203], [755464997636075524, 0.71706603367107036], [755464998638460928, 0.71703266740756555]], "1": [[761406389180895232, 0.97572815533980517], [761790672718274560, 0.97572815533980517], [764296936128180224, 0.97572815533980062], [772310994718564352, 0.97104247104246999], [765474942569840640, 0.50892749166645423], [771224659463278592, 0.87288135593220328], [754848426744053760, 0.9710424710424701], [755914700005707776, 0.97572815533980506], [761332399443697664, 0.9710424710424701], [762980508716466176, 0.97910863509749246], [763143338207870976, 0.6417609007056313], [767212653014052864, 0.97572815533980461], [768359699725086720, 0.77035945127858263], [768401221367566336, 0.97910863509749257], [772189707950231553, 0.53605440300948914], [772642680186740736, 0.97572815533980517], [766754483770626048, 0.96411483253588381], [755718531791003652, 0.87288135593220328], [767813242844348416, 0.93119266055045891], [772190143700619264, 0.97104247104247077], [764862122236837888, 0.97910863509749235], [773209424836132865, 0.98526522593320165], [773209423879647232, 0.98526522593320165], [773209425775558661, 0.98526522593320165], [765654643842187264, 0.98366013071895397], [765654644940996608, 0.98366013071895397], [765662186408710144, 0.98366013071895397], [765662187230732288, 0.98366013071895397], [765663437703766018, 0.98366013071895397], [765663436734865409, 0.98366013071895397], [768462377780187137, 0.5646616057914885]], "2": [[757346134977286144, 0.97572815533980473], [769699785301450753, 0.56144814596925596], [749783305843802112, 0.98166259168704129], [772616003926781952, 0.97572815533980506], [761009270913630208, 0.97572815533980506], [771588485404774400, 0.9757281553398055], [768184549754802177, 0.54841202971284841], [769528245029105664, 0.97104247104247099], [769529553991729156, 0.97104247104247099], [768258288567844865, 0.80900324165340654], [768464644600164352, 0.98166259168704151], [771394702214127616, 0.97910863509749213], [772931078600421376, 0.97572815533980561], [762252462879285248, 0.97572815533980539], [769696763909472257, 0.77363392245487295], [756169693996675073, 0.96411483253588504], [757752055767429120, 0.97104247104247077], [761551872616464386, 0.96411483253588504], [754149320203657216, 0.97572815533980517], [756249155044016128, 0.60161312684345791], [757193624559947776, 0.60162139679119553], [760112362724724736, 0.97104247104247043], [760272164587180032, 0.98166259168704129], [762657377103511552, 0.60155828301122349], [767581324915961856, 0.98166259168704129], [752615963053416449, 0.7139597233588787], [762172685623369728, 0.66863076805370514], [770403420486430721, 0.66862050413431473]], "3": [[757273159422906368, 0.98526522593320209], [757273158449856512, 0.98526522593320198], [758803406022598656, 0.95283018867924485], [771925200946466817, 0.55321074166366757], [707627118079770624, 0.97104247104247066], [705469073493254144, 0.98768472906403926], [705469072264306688, 0.98768472906403904], [756548134889717760, 0.98526522593320176], [756548135900553216, 0.98526522593320176], [763098794477182978, 0.98526522593320176], [763098796083580928, 0.98526522593320176], [771067797845774336, 0.51880342314543992], [771067798927839232, 0.51841298006495951], [772218900419256320, 0.51882296584886445], [772218901392482305, 0.51839542289030827], [769296136498769920, 0.98366013071895342], [769296137698279424, 0.98366013071895386], [769296138524655618, 0.98366013071895386], [763453133032796161, 0.77056162332690226], [767217882447183874, 0.95283018867924518], [761037237802852352, 0.93119266055045768], [771321568131706881, 0.87288135593220328], [753274308500320256, 0.9836601307189532], [753274309376937985, 0.98366013071895364], [762365214784380928, 0.98366013071895364], [762365213844840449, 0.98366013071895364], [769240770184437760, 0.98366013071895386], [769240769400041472, 0.98366013071895364], [769246803246055424, 0.98366013071895386], [769246804290461696, 0.9836601307189532], [759451502775861249, 0.76356311661955778], [767828963779571712, 0.55653812314659767], [767828964677124096, 0.55657321074458888], [767828966262571012, 0.55663405349337181]], "4": [[750149723407937540, 0.6474374211104309], [750149724204826624, 0.64769328233685863], [765657153961074688, 0.98526522593320232], [765657153084456961, 0.98526522593320232], [765657152140828672, 0.98526522593320232], [749823829887819776, 0.9836601307189542], [749823829002883072, 0.9836601307189542], [749823831112572929, 0.9836601307189542], [766005703555354624, 0.72176087488537499], [766005702670286850, 0.72176298672547889], [753902906877894656, 0.87288135593215133], [757343069012303872, 0.87288135593220118], [771454966531756032, 0.5131065172803414], [771813512800796672, 0.51310498202742505], [755851965993668608, 0.97572815533980417], [763380452119818245, 0.64400447427067942], [757007308400582656, 0.87288135593220029], [772537232389443584, 0.71028515770403144], [772537233341636609, 0.71028376382070868], [772537234339852289, 0.71028445044560051], [751841307513851905, 0.64378330715895937], [751847048324870144, 0.96411483253588481], [759468786445672448, 0.9641148325358847], [759577923489820672, 0.93119266055045757], [759942040343891969, 0.93119266055045757], [764313589859483649, 0.93119266055045757], [705572566514020352, 0.61538512523068334], [768136953594163202, 0.9710424710424701], [752988739236880384, 0.87288135593220273], [758776830455324673, 0.87288135593220351]],