{"0": [[758151033638060032, 0.69603135909609271], [764687527554977792, 0.97104247104247043], [752316811484532737, 0.95283018867924518], [758364596264640513, 0.70028698332001527], [766793909871767552, 0.97104247104247032], [766798684105433088, 0.61620544234524122], [766900057614479360, 0.97104247104247077], [768678153497767936, 0.97910863509749257], [770099396725837824, 0.98526522593320254], [756700030283767810, 0.77922860518515835], [757129047134593024, 0.8706756133169854], [757493672967540736, 0.97104247104247077], [758144743834550272, 0.68360762922136298], [758935654881386497, 0.73736959639861099], [760686371916906496, 0.86015392050958006], [760688131725258753, 0.75798463098254254], [760689147908595712, 0.80317227533329916], [761078330409922560, 0.9876847290640397], [762206926222528512, 0.65254270589297514], [762208127664197632, 0.70110623598098565], [763980849855336448, 0.98366013071895442], [763984980028461056, 0.95283018867924529], [763995469710110720, 0.9757281553398055], [764000917351903233, 0.70207643372937201], [764034016932728832, 0.95283018867924529], [764716775414067200, 0.83822151026796343], [764719020864077825, 0.9528301886792454], [765079461440135168, 0.97910863509749257], [765080624004730880, 0.83279428667575928], [765097396191780864, 0.98166259168704173], [765405121433960448, 0.68574154328164594], [765406244538552320, 0.70937006644415257], [765685131914907648, 0.88998359725608978], [766163727209078785, 0.98526522593320254], [766797046439415809, 0.97572815533979529], [767230581230989312, 0.98166259168704195], [767580976314744832, 0.97572815533980517], [767582015948455936, 0.70110995145676558], [767887783302008832, 0.65693320322649407], [767890538683039744, 0.9791086350974928], [767893917270437889, 0.97572815533980561], [769691341882359808, 0.56164420468304221], [769697137546452992, 0.98526522593320209], [770546208662323200, 0.93119266055045813], [771261387070779392, 0.81578114762586584], [771262998493134848, 0.97910863509749291], [771264677330333696, 0.98526522593320254], [771976055817113600, 0.81499407184180672], [771991743340355584, 0.81567515412135383], [772721545433284609, 0.7662389115362368], [772722699483377664, 0.75944420016508585], [752561340204462080, 0.95283018867924507], [768425930305916929, 0.9528301886792454], [761196748140343297, 0.9528301886792454], [753769533438103552, 0.96411483253588193], [766775969269047301, 0.87288135593220328]], "1": [[762331238883622912, 0.75446177074295184], [762331239705632768, 0.75444238721479007], [754461882220675072, 0.98526522593320254], [754461883034398724, 0.98526522593320254], [756986010081329153, 0.98768472906403948], [756986010941218816, 0.98768472906403948], [754425391322918916, 0.98658318425760294], [754425392124100608, 0.98658318425760294], [772189948204179456, 0.98658318425760294], [772189949173137408, 0.98658318425760294], [705822900884996097, 0.78052940227365886], [705822904752201729, 0.78052058765243637], [753715723600560128, 0.85977345152048867], [753715724749766660, 0.85978394118210599], [766408346148675585, 0.98526522593320232], [766408345058148352, 0.98526522593320232], [765967943683477504, 0.9836601307189542], [765967945256341504, 0.9836601307189542], [705527226041802752, 0.97104247104247032], [705162500246003714, 0.97104247104246944], [755871678790524929, 0.97104247104246944], [765183645082583040, 0.97104247104246944], [766272492025577472, 0.93119266055045791], [764911988950573056, 0.98658318425760239], [764911989781037056, 0.98658318425760216], [761736987564994560, 0.93119266055045768], [765615620637556736, 0.73472440518176019], [765615621551906816, 0.73472632930180326], [754824522189209600, 0.63705240410712294], [754824523095080960, 0.63704748161544911], [764904695110443008, 0.55587299671686508], [764904695999655937, 0.5558927204392119], [756604757729538048, 0.55392514729087272], [756604760082505728, 0.55383425530790786], [759139205268267009, 0.55389035081453453], [759139206178410496, 0.5541215215017542], [754586442299543553, 0.8728813559322014], [749830113957711872, 0.98658318425760294], [749830114960089088, 0.98658318425760294], [751856210740146176, 0.98768472906403926], [751856211599953920, 0.98768472906403926], [754035579055181824, 0.98658318425760294], [754035580363767808, 0.98658318425760294], [769265673608499204, 0.98658318425760294], [769265674501906433, 0.98658318425760294], [758358819533688832, 0.98768472906403926], [758358820326342656, 0.98768472906403926], [760927234672758785, 0.98366013071895397], [760927235771621376, 0.98366013071895386], [754045636924829696, 0.98942172073342705], [754045637797306368, 0.98942172073342705], [763802435546734592, 0.98768472906403926], [763802436310007809, 0.98768472906403926], [757262872355475456, 0.98366013071895386], [757262873236271105, 0.98366013071895386], [762718795454701569, 0.98366013071895386], [762718796360581120, 0.98366013071895386], [771108074392354817, 0.98366013071895386], [771108075390599168, 0.98366013071895386], [768709619963289600, 0.59334002960389487], [766466531328946176, 0.96411483253588404], [766700025275703297, 0.98366013071895397], [766700024453627904, 0.98366013071895397], [763481566890852352, 0.98768472906403937], [763481567868153856, 0.98768472906403937], [753689292933857280, 0.98658318425760294], [753689294028570624, 0.98658318425760294], [762028238671646722, 0.82411939992078842], [762028239531413504, 0.82413954367177267], [757982833336082432, 0.9836601307189542], [757982834162339840, 0.9836601307189542], [757982835005325312, 0.9836601307189542], [759140210487783428, 0.98366013071895386], [759140208768118784, 0.9836601307189542], [759140209623785476, 0.9836601307189542], [759141716691673089, 0.98526522593320232], [759141715831844864, 0.98526522593320232], [759141714053529604, 0.98526522593320232], [759141713160044544, 0.98526522593320232], [759142724578734080, 0.98526522593320232], [759142722137681920, 0.98526522593320232], [759142722976481280, 0.98526522593320232], [759142725551882240, 0.98526522593320232], [759143981640998913, 0.98526522593320232], [759143982542778369, 0.98526522593320232], [759143983910162432, 0.98526522593320232], [759143984841297920, 0.98526522593320232], [763130009888456704, 0.87288135593220328], [758357552136589312, 0.98526522593319887], [758357552946118656, 0.98526522593320198], [758376685184090113, 0.98526522593320209], [758376686098477057, 0.98526522593320209], [763851256376991744, 0.98526522593320176], [763851255471083520, 0.98526522593320198], [705149710798090241, 0.98526522593320209], [705149712333201408, 0.98526522593320209], [759434647734452225, 0.98526522593320209], [759434648606900224, 0.98526522593320209], [762342564695539712, 0.98526522593320209], [762342565513420800, 0.9852652259332022], [770685294114930688, 0.83839467743213458], [770685298233765888, 0.83837052909063325], [771778734550552576, 0.98526522593320209], [771778735594962944, 0.98526522593320209], [772873445231190020, 0.98658318425760294], [772873446216851460, 0.98658318425760294], [772874456280756224, 0.98658318425760294], [772874457153241090, 0.98658318425760294], [705510586835210241, 0.98658318425760294], [705510587791450114, 0.98658318425760294], [762393144453394436, 0.98658318425760272], [762393145376145408, 0.98658318425760272], [762717784568627200, 0.98526522593320209], [762717783746551808, 0.98526522593320209], [705991620957704194, 0.95283018867924418]],