{"0": [[757063776302751748, 0.98366013071895286], [760174268286169088, 0.98166259168704129], [766597590976716800, 0.52725914099649229], [767477894478168066, 0.71574561774422474], [767477895317053441, 0.71566524864450243], [768930980400865280, 0.98658318425760272], [768930981193605124, 0.98658318425760272], [768935749790072832, 0.98526522593320209], [768938771299565568, 0.98366013071895397], [771440753478397952, 0.75254785392648105], [771600050719907840, 0.52723637427320091], [769320032555962368, 0.9865831842576025], [769320033449377796, 0.9865831842576025], [756646038358880256, 0.97104247104247032], [756920839635886080, 0.98166259168704106], [756920840399257600, 0.98166259168704129], [756920841200365568, 0.98166259168704129], [754820490439585792, 0.77532025664500681], [773146762064388096, 0.93119266055045646], [759093897406676992, 0.98366013071895386], [759093898350358528, 0.98366013071895364], [759093896546807808, 0.98366013071895386], [756998597854556160, 0.83705734921127017], [767286880643735553, 0.98658318425760272], [759155305053814784, 0.9836601307189542], [759155305938845696, 0.9836601307189542], [759156563005304832, 0.98166259168704106], [759159581562048512, 0.98166259168704106], [772598885520990208, 0.9791086350974928], [753455499740405760, 0.9710424710424701], [766861082908647424, 0.6823694736107706], [754074329076342786, 0.98526522593320232], [754074327960653824, 0.98526522593320232], [763787336459096065, 0.98658318425760272], [763787337268596736, 0.98658318425760272], [768875612580839424, 0.98366013071895209], [768875614287884288, 0.9836601307189542], [768875613427990528, 0.9836601307189542], [768878375280713728, 0.9836601307189542], [768878374337077248, 0.9836601307189542], [768878373326192640, 0.9836601307189542], [768890451759919104, 0.97910863509749246], [769819819218698240, 0.98166259168704129], [757547627206574080, 0.95283018867924363], [705881909839015936, 0.96411483253588448], [759596947384602624, 0.93119266055045913], [759613031743619072, 0.93119266055045913], [754178773323489280, 0.61948080335897182], [758445125303406593, 0.97910863509749246], [759915064048562176, 0.97572815533980495], [767178170898472962, 0.97572815533980506], [768269864905613316, 0.97910863509749246]], "1": [[705823339076526080, 0.97572815533980495], [759810264569147392, 0.95283018867924318], [760202086537498624, 0.93119266055045569], [762112570803224576, 0.95283018867924374], [767520233691185154, 0.96411483253588359], [767521183554240512, 0.95283018867924429], [767521938960945152, 0.96411483253588359], [767523962444193792, 0.95283018867924429], [752160953584812032, 0.97572815533980517], [753742172080500737, 0.95283018867924463], [760171485801701377, 0.72723722266850932], [762289914633392128, 0.97572815533980539], [764564317861707776, 0.97104247104247032], [764593949231251461, 0.97572815533980506], [768465027300982785, 0.97572815533980395], [767573525745971200, 0.87288135593220328], [769924576688168960, 0.87288135593220184], [750285209166352385, 0.96411483253588381], [705889898687926273, 0.87288135593220184], [763148988447133698, 0.9757281553398055], [754835738139631616, 0.72878915760660423], [754846167750483968, 0.96411483253588404], [755595777070817280, 0.93119266055045835], [759878909001367552, 0.93119266055045835], [763015149900922880, 0.93119266055045791], [763150894858899456, 0.97910863509749291], [763151512872845321, 0.9791086350974928], [763151767601291264, 0.98166259168704151], [763152691363274752, 0.97104247104247066], [763153190065999872, 0.95283018867924485], [763153541703819268, 0.77820894704436572], [763153688550600705, 0.73651784609585214], [763154127413280772, 0.66155139658482953], [763154595493314560, 0.97910863509749291], [763155201582923777, 0.62866058250201529], [763155628026171392, 0.68264909230242166], [763155788953157632, 0.82260191793873327], [763156256760659969, 0.76521776208903081], [763158445403045891, 0.55337813676295811], [763159053103206401, 0.97910863509749291], [764523857894047744, 0.93119266055045835], [767519079737556993, 0.96411483253588448], [767520536528289792, 0.93119266055045835], [751809777492164608, 0.95283018867924529], [756234459209433088, 0.87288135593220328], [757571921236066304, 0.87288135593220328]], "2": [[753740776757141504, 0.9528301886792454], [770271061740916736, 0.87288135593220328], [760482820808593410, 0.93119266055045891], [767089210545233920, 0.95283018867924518], [760160233700352000, 0.97572815533980506], [772426461282263040, 0.9641148325358847], [755783646657773568, 0.95283018867924507], [755860826423234562, 0.95283018867924452], [759866255729893376, 0.95283018867924452], [764825838432890882, 0.97572815533980528], [766971241500581888, 0.95283018867924452], [769621991364005888, 0.95283018867924452], [750339748263321600, 0.87288135593220273], [772906527300739072, 0.93119266055045746], [751642805127286784, 0.76583339483826474], [758455903058264065, 0.87288135593220328]], "3": [[767142115440599040, 0.96411483253588359], [767154361143177216, 0.9641148325358847], [770731590649602049, 0.98526522593320176], [770731591681343489, 0.98526522593320176], [755510047472484353, 0.98658318425760283], [755510048357482496, 0.98658318425760283], [770044813299376138, 0.98861911987860396], [770044817044828160, 0.98861911987860396], [760567360445186049, 0.98768472906403904], [760567361401487364, 0.98768472906403904], [772551074691547136, 0.98526522593320043], [772551073852715012, 0.98526522593320198], [768518259339563008, 0.9865831842576025], [768518260312641536, 0.98658318425760239], [754094711938383872, 0.98166259168704106], [754094712794087428, 0.98166259168704106], [705822231247482880, 0.95283018867924352], [763830114673168392, 0.98658318425760216], [763830113343508480, 0.98658318425760216], [768187584686108672, 0.98658318425760272], [768187583507554304, 0.98658318425760272], [753676955803844608, 0.98526522593319932], [753676956714098688, 0.98526522593320209], [752604888824213504, 0.56160358276351852], [754080618020044801, 0.56160358487452444], [755756906879283200, 0.56160357569910202], [758405363267956736, 0.56160358879946504], [768509706692399104, 0.50722874041816879], [768509707518676992, 0.50755034679501509], [758061859316662277, 0.98526522593320198], [758061860142931969, 0.98526522593320198], [758061860977577984, 0.98526522593320198], [764158274908348420, 0.98526522593320132], [764158275768180737, 0.98526522593320176], [771439748447625216, 0.93119266055045447], [769580402835066880, 0.63801553151412604], [754493134873190400, 0.72580591382316817], [756911481346789376, 0.93119266055045613], [758966536501497860, 0.93119266055045613]], "4": [[762731627214729217, 0.98166259168703962], [762731627986448384, 0.98166259168704129], [757731120805011456, 0.96411483253588504], [764602070070546432, 0.97104247104247099], [766660837541109760, 0.96411483253588504], [772585299415293953, 0.98166259168704129], [772585300229062656, 0.98166259168704129], [765238142878289920, 0.98366013071895397], [765238143834611713, 0.98366013071895386], [769004078953295872, 0.64243400338926226], [754877286772539393, 0.87288135593220351], [758046796035813376, 0.87288135593220328], [764829666171580416, 0.87288135593220351], [763473513726504960, 0.96411483253588193], [771392437633880065, 0.98366013071895397], [771392438678220800, 0.98366013071895397]],